{
  "project_info": {
    "project_number": "774077411351",
    "firebase_url": "https://training-android-913b0.firebaseio.com",
    "project_id": "training-android-913b0",
    "storage_bucket": "training-android-913b0.appspot.com"
  },
  "client": [
    {
      "client_info": {
        "mobilesdk_app_id": "1:774077411351:android:fe5631c4f92b9c15",
        "android_client_info": {
          "package_name": "nic.kerala.training"
        }
      },
      "oauth_client": [
        {
          "client_id": "774077411351-6fgi4up6374oaoehnbj1ck4ogjef3ckm.apps.googleusercontent.com",
          "client_type": 1,
          "android_info": {
            "package_name": "nic.kerala.training",
            "certificate_hash": "819aba1998148761ca218efebf10d598c3d7d6e3"
          }
        },
        {
          "client_id": "774077411351-pd44qtesian4hescipt4pmonflcjg2qc.apps.googleusercontent.com",
          "client_type": 3
        },
        {
          "client_id": "774077411351-pd44qtesian4hescipt4pmonflcjg2qc.apps.googleusercontent.com",
          "client_type": 3
        }
      ],
      "api_key": [
        {
          "current_key": "AIzaSyBl07f1oP2Jvt3A-7RFEingVMWoFKnYA5o"
        }
      ],
      "services": {
        "analytics_service": {
          "status": 1
        },
        "appinvite_service": {
          "status": 2,
          "other_platform_oauth_client": [
            {
              "client_id": "774077411351-pd44qtesian4hescipt4pmonflcjg2qc.apps.googleusercontent.com",
              "client_type": 3
            }
          ]
        },
        "ads_service": {
          "status": 2
        }
      }
    }
  ],
  "configuration_version": "1"
}